Review,Sentiment,Confidence
This product is amazing! I loved using it every day.,Positive ğŸ‘ğŸ»,99.90%
"Terrible experience, it broke after one use.",Negative ğŸ‘ğŸ»,99.96%
"Iâ€™m not sure how I feel about this, itâ€™s okay I guess.",Negative ğŸ‘ğŸ»,99.52%
Excellent service and great quality.,Positive ğŸ‘ğŸ»,99.90%
Worst purchase Iâ€™ve made online.,Negative ğŸ‘ğŸ»,99.96%
It's decent for the price but nothing special.,Negative ğŸ‘ğŸ»,97.84%
Fast delivery and good packaging.,Positive ğŸ‘ğŸ»,99.90%
"Awful smell, couldn't use it at all.",Negative ğŸ‘ğŸ»,99.95%
The item exceeded my expectations!,Positive ğŸ‘ğŸ»,99.81%
Not worth the money at all.,Negative ğŸ‘ğŸ»,99.95%
